,lkbd_lknc_mult,hks_mult,vks_mult,stage
0,1000,1000,1,9.9329321
0,1000,1000,2,NaN
0,1000,1000,10,9.9329046
0,1000,1000,1000,9.9329314
