,lkbd_lknc_mult,stage
0,1,12.1826941
0,2,12.1826941
0,10,12.1826941
0,100,12.1826941
0,1000,12.1826941
