iuzfbnd,geo_zone,count,mean,std,min,25%,50%,75%,max
1,0,9.0,0.09394478797912598,0.0013730278005823493,0.09348711371421814,0.09348711371421814,0.09348711371421814,0.09348711371421814,0.09760619699954987
1,17,1066.0,1.6232705116271973,22.16091537475586,0.001410020049661398,0.0688072070479393,0.08081279695034027,0.2172120064496994,500.0
1,18,4446.0,17.300800323486328,53.94644546508789,0.001410020049661398,0.10060500353574753,0.6968700289726257,29.506999969482422,500.0
2,14,15.0,0.32256805896759033,1.2343257665634155,2.2300000637187622e-06,2.2300000637187622e-06,2.2300000637187622e-06,0.010830000042915344,4.7843499183654785
2,15,539.0,0.006027254741638899,0.03270993381738663,0.0006330710020847619,0.0006330710020847619,0.0006330710020847619,0.0011935000075027347,0.22220100462436676
2,16,1401.0,8.651573181152344,18.63957405090332,0.0003669270081445575,0.001535570016130805,0.001535570016130805,0.5053279995918274,50.0
2,19,8660.0,1.2549911737442017,2.1527011394500732,0.001535570016130805,0.007969650439918041,0.23179100453853607,1.5756399631500244,9.021520614624023
3,0,91.0,1.3942373698228039e-05,7.837998418835923e-05,1.030000021273736e-06,1.030000021273736e-06,1.030000021273736e-06,1.0600000450722291e-06,0.0005331700085662305
3,14,19169.0,0.0247073732316494,0.365313857793808,9.999999974752427e-07,1.4900000451234519e-06,1.1066000297432765e-05,2.5505600206088275e-05,5.434830188751221
