,lkbd_lknc_mult,stage
0,2,9.5945105
0,10,9.5945105
0,100,9.5945105
0,1000,9.5945105
0,10000,9.5945105
