,lkbd_lknc_mult,ks_mult,stage
0,1,2,9.5945105
0,1,10,9.5945105
0,1,100,9.5945105
0,1,1000,9.5945105
