,lkbd_lknc_mult,ks_mult,stage
0,10000,2,9.5945105
0,10000,10,9.5945105
0,10000,100,9.5945105
0,10000,1000,9.5945105
0,10000,10000,9.5945105
