,lkbd_lknc_mult,hks_mult,vks_mult,stage
0,1000,1000,1,12.9852190
0,1000,1000,2,12.9851902
0,1000,1000,10,12.9851614
